{
   "L1" : {
      "pos" : [ 54.0, 46.0 ],
      "thumb" : {
         "angle" : -2.670353412628174,
         "pos" : [ 2.366984605789185, 0.0, -3.118745326995850 ],
         "radius" : 1.968299984931946
      }
   },
   "L10" : {
      "pos" : [ 5.0, -73.0 ],
      "thumb" : {
         "angle" : 0.9424778223037720,
         "pos" : [ -3.458217144012451, 0.0, 1.732476949691772 ],
         "radius" : 1.594322681427002
      }
   },
   "L2" : {
      "pos" : [ 25.0, 61.0 ],
      "thumb" : {
         "angle" : 7.225663185119629,
         "pos" : [ -0.03010290488600731, 0.0, 1.394965767860413 ],
         "radius" : 1.771470665931702
      }
   },
   "L3" : {
      "pos" : [ -17.76955413818359, 61.66478729248047 ],
      "thumb" : {
         "angle" : 4.136429786682129,
         "pos" : [ 4.073474407196045, 0.0, -1.462030649185181 ],
         "radius" : 2.430000782012939
      }
   },
   "L5" : {
      "pos" : [ 6.0, -11.0 ],
      "thumb" : {
         "angle" : 5.960464477539063e-08,
         "pos" : [ 12.73977756500244, 0.0, -0.4154731929302216 ],
         "radius" : 2.700000047683716
      }
   },
   "L6" : {
      "pos" : [ 26.54322814941406, -13.07351875305176 ],
      "thumb" : {
         "angle" : -0.3141592741012573,
         "pos" : [ 9.998343467712402, 0.0, -4.381793975830078 ],
         "radius" : 3.333334207534790
      }
   },
   "L7" : {
      "pos" : [ 17.57087898254395, -41.75716400146484 ],
      "thumb" : {
         "angle" : 5.811945915222168,
         "pos" : [ 2.451287269592285, 0.0, -1.817109823226929 ],
         "radius" : 3.000000238418579
      }
   },
   "L8" : {
      "pos" : [ -7.697072982788086, -51.49449157714844 ],
      "thumb" : {
         "angle" : 2.356194496154785,
         "pos" : [ 0.001318827271461487, 0.0, 2.574029207229614 ],
         "radius" : 1.771470189094543
      }
   },
   "a2l1" : {
      "pos" : [ 45.95535278320313, 61.33750915527344 ],
      "thumb" : {
         "angle" : 0.05235987901687622,
         "pos" : [ -0.5080528855323792, 0.0, 0.0 ],
         "radius" : 4.115227222442627
      }
   },
   "a2l2" : {
      "pos" : [ -6.097232818603516, 44.73458099365234 ],
      "thumb" : {
         "angle" : 0.0,
         "pos" : [ 0.0, 0.0, 0.0 ],
         "radius" : 4.572474956512451
      }
   },
   "a2l3" : {
      "pos" : [ -35.26300811767578, 47.10690689086914 ],
      "thumb" : {
         "angle" : 0.0,
         "pos" : [ 0.0, 0.0, 0.0 ],
         "radius" : 5.080527782440186
      }
   },
   "a2new1" : {
      "pos" : [ 19.81056976318359, 43.0 ],
      "thumb" : {
         "angle" : 0.0,
         "pos" : [ 0.0, 0.0, 0.0 ],
         "radius" : 5.645030975341797
      }
   },
   "a2river1" : {
      "pos" : [ 40.94851684570313, -22.63295364379883 ],
      "thumb" : {
         "angle" : 0.0,
         "pos" : [ -0.9144949913024902, 0.0, -0.9144949913024902 ],
         "radius" : 4.115227222442627
      }
   },
   "a3l1" : {
      "pos" : [ -32.41291809082031, 55.78139495849609 ],
      "thumb" : {
         "angle" : 0.0,
         "pos" : [ 0.0, 0.0, 0.0 ],
         "radius" : 5.080527782440186
      }
   },
   "a3l10" : {
      "pos" : [ 26.0, -62.0 ],
      "thumb" : {
         "angle" : 0.0,
         "pos" : [ 0.0, 0.0, 3.299999952316284 ],
         "radius" : 3.0
      }
   },
   "a3l11" : {
      "pos" : [ -53.0, -68.0 ],
      "thumb" : {
         "angle" : 0.0,
         "pos" : [ 0.0, 0.0, -6.0 ],
         "radius" : 3.0
      }
   },
   "a3l2" : {
      "pos" : [ 18.16708374023438, 33.59312438964844 ],
      "thumb" : {
         "angle" : 0.0,
         "pos" : [ -1.371742486953735, 0.0, -0.9144949913024902 ],
         "radius" : 4.572474956512451
      }
   },
   "a3l3" : {
      "pos" : [ -2.879360198974609, 10.49290466308594 ],
      "thumb" : {
         "angle" : 0.0,
         "pos" : [ 0.0, 0.0, -0.5645031332969666 ],
         "radius" : 5.645030975341797
      }
   },
   "a3l4" : {
      "pos" : [ -40.56672668457031, 18.67354583740234 ],
      "thumb" : {
         "angle" : -0.9948377013206482,
         "pos" : [ 1.200000047683716, 0.0, -0.6000000238418579 ],
         "radius" : 3.0
      }
   },
   "a3l5" : {
      "pos" : [ -48.94705200195313, -17.26581573486328 ],
      "thumb" : {
         "angle" : -0.5235987901687622,
         "pos" : [ 3.657979965209961, 0.0, -2.743484973907471 ],
         "radius" : 6.969174385070801
      }
   },
   "a3l6" : {
      "pos" : [ -31.08673095703125, -38.34797286987305 ],
      "thumb" : {
         "angle" : 0.0,
         "pos" : [ 0.0, 0.0, 0.0 ],
         "radius" : 3.703704118728638
      }
   },
   "a3l7" : {
      "pos" : [ 3.650104522705078, -27.10705947875977 ],
      "thumb" : {
         "angle" : 0.0,
         "pos" : [ 0.0, 0.0, 0.0 ],
         "radius" : 3.0
      }
   },
   "a3l8" : {
      "pos" : [ 26.85427474975586, -9.373184204101563 ],
      "thumb" : {
         "angle" : 0.9424778223037720,
         "pos" : [ 0.0, 0.0, 0.0 ],
         "radius" : 3.0
      }
   },
   "a3l9" : {
      "pos" : [ 41.0, -39.0 ],
      "thumb" : {
         "angle" : 0.0,
         "pos" : [ 0.0, 0.0, 0.0 ],
         "radius" : 3.0
      }
   },
   "alien_temple" : {
      "pos" : [ 10.47959899902344, -61.26007843017578 ],
      "thumb" : {
         "angle" : 1.047197580337524,
         "pos" : [ -5.669847488403320, 0.0, -0.3988853693008423 ],
         "radius" : 5.080528736114502
      }
   },
   "anderhelm" : {
      "pos" : [ 41.55625915527344, -31.68169021606445 ],
      "thumb" : {
         "angle" : -0.5235987901687622,
         "pos" : [ -1.098076105117798, 0.0, 4.098075866699219 ],
         "radius" : 3.703704118728638
      }
   },
   "arena_simple" : {
      "pos" : [ -25.38386535644531, 15.0 ],
      "thumb" : {
         "angle" : -1.204277276992798,
         "pos" : [ 0.0, 0.0, 0.0 ],
         "radius" : 3.333333969116211
      }
   },
   "crystal_mountain" : {
      "pos" : [ -9.0, -25.0 ],
      "thumb" : {
         "angle" : 0.0,
         "pos" : [ 0.0, 0.0, 1.200000047683716 ],
         "radius" : 4.572474956512451
      }
   },
   "dark_dominion" : {
      "pos" : [ 50.0, -62.0 ],
      "thumb" : {
         "angle" : 0.0,
         "pos" : [ 0.9144949913024902, 0.0, 0.9144949913024902 ],
         "radius" : 4.572474956512451
      }
   },
   "desolation_desert" : {
      "pos" : [ -33.0, 33.0 ],
      "thumb" : {
         "angle" : 0.0,
         "pos" : [ 0.0, 0.0, 0.0 ],
         "radius" : 3.703704118728638
      }
   },
   "forest_gy" : {
      "pos" : [ -80.0, 66.0 ],
      "thumb" : {
         "angle" : 0.0,
         "pos" : [ 0.0, 0.0, 0.0 ],
         "radius" : 3.0
      }
   },
   "forgotten_islands" : {
      "pos" : [ -36.0, 3.0 ],
      "thumb" : {
         "angle" : 0.0,
         "pos" : [ 1.111111283302307, 0.0, 1.234568119049072 ],
         "radius" : 4.115227222442627
      }
   },
   "frozen_towers" : {
      "pos" : [ 56.0, 61.0 ],
      "thumb" : {
         "angle" : 0.0,
         "pos" : [ 0.0, 0.0, 0.0 ],
         "radius" : 3.0
      }
   },
   "g3_mountain_side" : {
      "pos" : [ 48.0, 11.0 ],
      "thumb" : {
         "angle" : 0.0,
         "pos" : [ 0.0, 0.0, 0.0 ],
         "radius" : 5.645030975341797
      }
   },
   "g5_oasis_volcanos" : {
      "pos" : [ 16.0, 16.0 ],
      "thumb" : {
         "angle" : 0.0,
         "pos" : [ 0.0, 0.0, 0.0 ],
         "radius" : 4.572474956512451
      }
   },
   "g6_underground_village" : {
      "pos" : [ -48.0, -41.0 ],
      "thumb" : {
         "angle" : 0.0,
         "pos" : [ 0.0, 0.0, 0.0 ],
         "radius" : 3.0
      }
   },
   "g7_winter_castle" : {
      "pos" : [ 69.0, 39.0 ],
      "thumb" : {
         "angle" : 0.0,
         "pos" : [ 0.0, 0.0, 0.0 ],
         "radius" : 3.0
      }
   },
   "g8_citadel" : {
      "pos" : [ 59.0, -27.0 ],
      "thumb" : {
         "angle" : 0.0,
         "pos" : [ -1.111111283302307, 0.0, 0.0 ],
         "radius" : 4.115227222442627
      }
   },
   "g9_underworld" : {
      "pos" : [ -17.0, -65.0 ],